fname,source_id,numax,numax_sig,dnu,dnu_sig,certainty,syd_success,KIC,GaiaDR3,Teff,s_Teff,feh,s_feh,ra,dec,phot_g_mean_mag,phot_g_mean_flux,phot_g_mean_flux_error,parallax,parallax_error,abs_mag,abs_mag_error,verifiable,rg
gaia-dr3-2049134501869732224,2049134463207615744,26.92534,1.62509,3.16281,0.04176,1.0,2.0,,,,,,,295.2592271312864,38.52170451314901,18.42275,805.0945974351495,1.0739129,0.6140679567816063,0.119421326,,,,
gaia-dr3-2051293118058123008,2051105376451575424,43.24103,2.13494,4.81732,0.05699,1.0,2.0,,,,,,,290.26268566915235,37.772387588513766,18.779354,579.7023002789022,1.2125963,0.2776395997583132,0.14626831,,,,
gaia-dr3-2051806761793676544,2051806761793676544,46.69207,2.44112,5.04555,0.08318,1.0,1.0,,,,,,,291.8437564387073,37.74083152826783,18.912945,512.5887495205584,1.1095885,0.3424675368341529,0.15271057,,,,
gaia-dr3-2052208461503094272,2052208461503094272,30.00793,1.69022,3.89349,0.10375,1.0,1.0,,,,,,,294.8529067663548,38.98018538860044,18.775171,581.9404582749062,1.411737,-0.0668223603073894,0.16282994,,,,
gaia-dr3-2052323223019717248,2052323223026104448,62.29148,1.59025,6.23093,0.02936,1.0,2.0,,,,,,,292.6257353059532,38.57430405087096,18.367355,847.2360221310918,1.5434464,0.0929383925486896,0.108694315,,,,
gaia-dr3-2052844215441526016,2052844215441526016,9.81213,0.99613,1.61821,0.0809,1.0,2.0,,,,,,,291.03643065176124,38.70351277462752,18.26537,930.6765889144611,1.1934787,0.6084837252897924,0.10495047,,,,
gaia-dr3-2052974477503360384,2052974477503359360,10.37006,0.50972,1.56781,0.04037,1.0,2.0,,,,,,,291.40611625138024,39.18979297677951,18.478966,764.4696418447046,2.342755,0.6862079043406359,0.13088539,,,,
gaia-dr3-2073536783753180800,2073536783753180800,31.74505,1.29457,4.06199,0.04592,2.0,2.0,,,,,,,299.4196526585865,40.3370722879145,17.700777,1565.4375868587845,1.4964583,0.4153017922376731,0.08116869,,,,
gaia-dr3-2073564653803993344,2073564653803993344,29.3158,1.57216,3.67387,0.0491,2.0,2.0,,,,,,,298.6336568053253,40.06083760061818,16.031204,7285.600311380155,5.6601095,0.8780873033758705,0.051146325,,,,
gaia-dr3-2073628116227872000,2073628116227872000,20.11854,1.19653,2.63215,0.02248,2.0,2.0,,,,,,,297.41698785986216,39.60026593767828,18.941568,499.2512174993846,1.0205482,0.1646521025865157,0.1717375,,,,
gaia-dr3-2073800842635974656,2073800842635974656,7.337,0.44451,1.26472,0.0421,2.0,1.0,,,,,,,298.1732067790601,40.92574348298659,17.898342,1304.998460847154,1.8207318,0.357231073991937,0.10285241,,,,
gaia-dr3-2076038176996748544,2076038176996748544,32.89126,2.37823,4.21859,0.13755,1.0,1.0,,,,,,,300.21793618246244,43.75868011255984,18.387508,831.6556160515737,1.1761903,0.3290724969017011,0.120214134,,,,
gaia-dr3-2076093393109369728,2076093393109369728,53.76859,4.49736,5.22709,0.0703,2.0,2.0,,,,,,,299.99042327903277,44.074508804724914,16.73252,3818.903839144245,3.2306104,0.2579185669590647,0.052525397,,,,
gaia-dr3-2076299585898070528,2076299585898070528,28.73142,2.82909,3.80011,0.40564,1.0,1.0,,,,,,,295.27083477656964,40.16455621470756,18.934368,502.5734538029118,0.94691813,0.3258953832803563,0.15232755,,,,
gaia-dr3-2076935584656044800,2076935584656044288,31.18981,3.78292,3.84913,0.08368,2.0,2.0,,,,,,,297.0889542648788,41.58660968233558,17.694178,1574.9829325976966,1.6796993,0.3553950784441536,0.08364591,,,,
gaia-dr3-2077818217607238144,2077818217607238144,24.46361,1.007,2.74495,0.01486,1.0,2.0,,,,,,,293.4709654850537,42.81348889108629,17.38292,2097.8737200878077,2.783286,0.1940668848467645,0.08936873,,,,
gaia-dr3-2078862684933171584,2078862684933171584,31.33452,1.46892,3.73764,0.0195,2.0,2.0,,,,,,,297.512666031137,43.99127459765636,18.611465,676.6448991470888,1.1032411,0.1982837414395415,0.13315898,,,,
gaia-dr3-2079630350212046848,2079630350212046848,27.6917,3.91112,4.17107,0.10204,1.0,1.0,,,,,,,295.21262719264524,44.19566951382197,14.382566,33259.836982512665,8.534376,0.1716448370580601,0.015367869,,,,
gaia-dr3-2082287801094391552,2082287801094391552,36.33481,2.5879,4.2124,0.09298,1.0,1.0,,,,,,,300.85143491064275,45.64709901369957,18.521616,735.0223424959628,1.2971267,1.291737674458748,0.13293447,,,,
kic-004940887,2076330544012602112,21.92981,1.07222,2.74819,0.02031,2.0,2.0,,,,,,,296.1315871751397,40.06528313548528,18.228657,962.6850644824572,1.1418631,0.0586713268480392,0.099616095,,,,
kic-005305588,2073594130157290496,19.00217,0.78215,2.52503,0.02151,2.0,2.0,,,,,,,298.96695918862224,40.436749704387125,18.353182,858.3691514551821,1.2334063,0.2150066183482533,0.111149184,,,,
kic-008265209,2081878301730524672,30.24695,2.93596,3.95914,0.03189,1.0,2.0,,,,,,,301.1445799046586,44.10230235349597,18.978273,482.6554814969023,1.0668182,0.3044325402248192,0.16553508,,,,
kic-008442457,2079652031202663168,30.55507,1.29174,3.62664,0.0176,1.0,2.0,,,,,,,295.94293252610885,44.46991713474988,17.889862,1315.2306444908008,2.641584,0.0312256717463163,0.09028959,,,,
kic-008585548,2079126975745191168,34.03014,1.85519,4.07608,0.08576,2.0,1.0,,,,,,,299.6911574852911,44.62867100118145,18.491753,755.5194146190079,1.1406387,0.8879697512740518,0.13303798,,,,
kic-009884122,2127772054514662528,10.13752,0.60194,1.71091,0.05167,2.0,1.0,,,,,,,288.74492392402476,46.79287120524936,16.198164,6247.140775657283,3.0092552,0.0288452123540774,0.036353756,,,,
kic-011607444,2129639639436093568,21.14965,0.57219,2.79879,0.0584,2.0,1.0,,,,,,,290.0096017243699,49.69446636772024,17.82253,1399.376492444119,2.4867866,-0.0144715460915611,0.07808019,,,,
gaia-dr3-2073517237356647296,2073577435638117760,59.26181,2.32395,6.19225,0.0534,2.0,2.0,,,,,,,298.3989651048953,40.2784235385291,18.682608,633.7286476500904,1.2503326,0.3034179995676476,0.15712935,,,,
gaia-dr3-2075056106955322112,2075058512156902272,36.67015,2.23466,4.44558,0.03873,2.0,2.0,,,,,,,299.418323791168,40.73463990893046,17.673758,1604.8843768186996,1.7417378,0.4623892068047743,0.08790588,,,,
gaia-dr3-2076809484411739264,2076840683055519744,28.91322,1.21255,3.3924,0.03562,2.0,2.0,,,,,,,296.98763062407323,41.451790185253245,17.54781,1802.2828812648063,2.0838666,0.3539756432311588,0.08255647,,,,
gaia-dr3-2076870679098240384,2076922386210037632,51.29446,1.75357,5.33882,0.02422,1.0,2.0,,,,,,,297.49539850791143,41.88232887909054,18.913572,512.2926912956691,1.0140893,0.3680350984309812,0.16610052,,,,
kic-002163938,2051835486535852544,9.33873,1.90187,1.55922,0.08472,2.0,1.0,,,,,,,292.24296196195223,37.55206408393019,18.663881,644.7544873692174,0.9793283,0.1811294909676575,0.12551445,,,,
kic-002437668,2051293045054339584,71.88959,3.37077,7.04662,0.03731,2.0,2.0,,,,,,,290.24179926303225,37.7840415280356,18.145739,1039.084721787456,1.3493569,0.9334408239201512,0.10362242,,,,
kic-004488449,2073255274412870016,37.28311,2.15258,4.5086,0.17849,1.0,1.0,,,,,,,297.29226058731643,39.546031274846754,18.219751,970.6133027711896,1.1494795,0.0472097194583492,0.10322997,,,,
kic-005040317,2073569116270096256,32.96233,1.18896,4.0219,0.22154,1.0,1.0,,,,,,,298.58413219559714,40.1587638874777,18.164894,1020.914733036991,1.178226,0.0424401764365664,0.10003061,,,,
kic-005219952,2073537814545601920,34.60776,2.22422,3.72135,0.10404,2.0,2.0,,,,,,,299.3874073525002,40.37336145187653,17.874739,1333.6794742802526,1.4018672,0.2435764133087565,0.08395123,,,,
kic-005385127,2073736005823952256,36.61412,2.18107,4.00521,0.14723,1.0,1.0,,,,,,,297.5203134061874,40.507467755145974,18.528656,730.2709612578693,1.1162505,0.895005990673222,0.13033342,,,,
gaia-dr3-2073547130333790208,2073547130347967616,45.3533,2.33589,4.45328,0.07131,1.0,2.0,,,,,,,299.201045174366,40.257733616827934,18.319248,885.6201259009948,1.2902987,0.899118126973701,0.12968476,,,,
gaia-dr3-2051772367698478464,2051772298979001088,32.63687,1.96332,4.05073,0.08051,2.0,2.0,,,3821.0,106.0,-3.52,0.24,291.36494388745405,37.29015342524748,14.1868,39831.51606722925,10.676548,0.2607013174138325,0.015606983,0.5166464973024532,0.17200194063895327,,
gaia-dr3-2073180752450317440,2073180752455116288,5.70892,0.40682,1.01338,0.0199,2.0,2.0,,,3500.0,100.0,-2.0,0.2,296.3309029710032,39.09439144831178,14.307337,35646.08724882741,11.601148,0.1480695124781124,0.014760421,-0.3974315470221743,0.2320348930917332,,
gaia-dr3-2073811322358296704,2073811318061849344,5.63571,0.90944,1.00521,0.03169,2.0,2.0,,,3505.0,106.0,-2.4,0.21,298.6614272067614,40.89929174676992,15.450041,12443.1562800775,4.853627,0.0803872881288506,0.024895139,-0.7506700832968036,0.6812593751582376,,
gaia-dr3-2076883495291218048,2076883495291214208,28.72044,2.59995,3.78059,0.99544,2.0,2.0,,,4007.0,287.0,-2.86,1.05,297.38247342567263,41.38168459009094,15.623555,10605.339084248037,3.6939192,0.1170879615478,0.02717155,-0.14807733278130897,0.5309064407537688,,
gaia-dr3-2079152921641892224,2079152921649584768,11.17377,0.85188,1.72032,0.02884,2.0,2.0,,,3766.0,112.0,-3.06,0.26,299.81951285452885,44.77401238542829,15.342194,13742.617984558485,4.376814,0.0567435973792884,0.021518176,-2.1961880248012315,0.8465106004113511,,
gaia-dr3-2101413737137806208,2101413737142057088,49.53321,4.49018,5.42041,0.05852,2.0,2.0,,,4255.0,127.0,-1.7,0.34,290.11361452494236,41.12086839539562,16.12028,6711.74230642313,3.1678169,0.1795992730131899,0.03040717,2.1011436827050414,0.37021906081564976,,
kic-002437373,2051287002031070208,8.36101,0.37797,1.33675,0.02438,2.0,2.0,2437171.0,2.0512870020310702e+18,3520.0,100.0,0.2,0.2,290.2071765896878,37.728533263145415,12.393916,207673.1586131587,169.20346,0.2251307871136947,0.022694573,-1.2314551666578204,0.22648697642308865,,
kic-004075318,2073193671716885120,35.64823,2.11676,4.04816,0.11064,2.0,1.0,,,4246.0,207.0,-2.68,0.62,295.9161407777251,39.1556148961901,15.886158,8326.905914173773,5.2597585,0.1570089990836449,0.04264742,1.429791941278749,0.5934390547073877,,
kic-005818075,2073816957366778880,32.41979,2.35753,3.73582,0.07017,1.0,1.0,,,4120.0,122.0,-2.84,0.35,298.5702781636217,41.03756828957475,16.583696,4379.937483990079,2.1870213,0.0731480144609637,0.042014774,0.2749471337299738,1.2508231077585323,,
kic-005823131,2075139532423221760,15.12826,1.46128,2.33087,0.044,2.0,2.0,,,3951.0,119.0,-2.92,0.24,299.5442133819218,41.09693445476937,14.162582,40729.937277119156,8.544904,0.2019546777179276,0.013656472,-0.15890438434454524,0.19424732980453152,,
kic-005901904,2073826956050885376,32.91861,2.77395,4.23808,0.12352,2.0,1.0,,,4236.0,186.0,-2.73,0.56,298.372690180329,41.101836477685346,16.401459,5180.40242088088,2.4994512,0.0556212043693092,0.04007553,-0.47787903537705567,1.5671980011817486,,
kic-005983138,2073868565695125376,35.38663,1.81283,4.08706,0.02325,2.0,2.0,,,3970.0,126.0,-3.11,0.31,297.68654467599237,41.20403032113994,16.292637,5726.538188740231,2.9516585,0.0350268956836184,0.041917272,0.3572198247070304,0.438643838070992,,
kic-006541493,2076961148301544960,46.7399,2.49226,5.21888,0.04947,2.0,2.0,,,3991.0,183.0,-2.76,0.5800000000000001,297.019691588032,41.912634106566415,16.129038,6657.8133677202195,2.9963398,0.0812173768012663,0.034211207,-0.049365181440521155,0.9211610841495933,,
kic-007847552,2078975178722880256,28.02477,2.13452,3.36396,0.05023,2.0,2.0,,,4011.0,113.0,-2.94,0.28,299.04942065855005,43.5243383560669,15.711916,9776.431239691929,3.3664773,0.0910664929095403,0.027097693,-0.24216057353735465,0.6558851572520026,,
kic-007988910,2076040749687703040,25.05197,1.44172,3.78014,0.11257,2.0,1.0,,,4163.0,121.0,-2.77,0.32,300.1023042174484,43.73168474712916,15.46124,12315.470298975895,3.8917797,0.1052883228722564,0.024547279,-0.44416612275595213,0.5287621557996024,,
kic-008265390,2081878645336772992,5.82876,0.59558,1.04845,0.0343,2.0,2.0,,,3764.0,119.0,-2.81,0.29,301.1868599717582,44.138692361266344,15.30379,14237.400288441791,11.007124,0.1398945192410082,0.03897841,-0.3478378270074387,0.639493250698308,,
kic-008581052,2079101278965129216,28.91843,0.93305,3.93297,0.0695,2.0,2.0,,,4207.0,123.0,-2.7,0.32,298.53292177579794,44.63576774047947,15.525733,11605.229653835126,4.0077066,0.1390706194666602,0.02478821,0.4910403139783739,0.4031022284425973,,
kic-008587723,2076140878268690944,26.62175,1.9725,3.58904,0.22822,2.0,1.0,,,3937.0,128.0,-3.1,0.28,300.2651430018398,44.67431343427745,15.558741,11257.72558765036,4.043274,0.1574830144743633,0.02758248,0.35805130001614316,0.4199295748893361,,
kic-010230121,2085670311182450560,14.63238,0.85178,2.08859,0.03256,2.0,2.0,,,3966.0,130.0,-3.24,0.31,299.1393110305384,47.29281777076054,15.83738,8709.526636681407,3.4967105,0.0704047333985738,0.027519818,-0.4332642897091077,0.8522080821879623,,
kic-008263029,2076074353508465920,28.51303,2.05998,3.32343,0.11165,2.0,1.0,,,4167.0,116.0,-2.54,0.28,300.5971663342388,44.18559608138875,14.697819,24878.223232562956,6.9691486,0.1972345311179037,0.017272092,-0.11101105206129347,0.2706297491854613,,
kic-008524697,2082091606991389824,23.63233,4.02296,3.12846,0.03169,2.0,2.0,,,3743.0,133.0,-3.05,0.36,300.71789145668635,44.5982627757043,16.644491,4141.429428980822,2.5554688,0.0990670967070685,0.045268703,0.3888365642026521,1.0094073081255979,,
kic-008652970,2082145826661518976,37.31198,4.23369,4.50012,0.17495,1.0,1.0,,,4126.0,122.0,-2.84,0.33,300.3866387594042,44.78064122616952,15.680542,10063.060608884633,3.9916594,0.0940788758326807,0.027774943,-0.6630773586441627,0.6663263340128801,,
kic-008838761,2079303756595402112,104.02153,54.59744,9.82125,0.11543,2.0,2.0,,,4187.0,117.0,-2.75,0.29,298.37240824544347,45.02298301386458,15.30727,14191.835537900652,4.0430284,0.2979572120940485,0.022500534,1.854505140750689,0.20530350169542264,,
kic-008915359,2082137511604376704,17.72418,1.81213,2.47742,0.0415,2.0,2.0,,,3836.0,144.0,-3.03,0.42,300.94719618015085,45.16274833450145,16.329157,5537.121623022809,6.3911614,0.2807687632835968,0.11247058,2.1290282292559795,0.8963360738934314,,
kic-008975524,2079403021883452416,85.51953,2.90186,7.67,0.02011,2.0,2.0,,,4175.0,138.0,-2.58,0.41,298.44139123261647,45.21453683815336,13.059193,112530.38678338872,656.5335,1.209020102794324,0.5205593,3.1270274683827193,0.9364026292897544,,
kic-009050812,2085177214576700928,17.35654,0.76433,2.41295,0.0196,2.0,2.0,,,3831.0,111.0,-3.06,0.25,300.10927599701137,45.33045882721657,14.521578,29262.782121388827,7.163996,0.1922485717676189,0.016343722,-0.12485675013054731,0.2442026039767376,,
kic-009117810,2082200596085377024,6.95805,0.48285,1.13052,0.01606,2.0,2.0,,,3507.0,108.0,-3.2,0.28,300.42946838547266,45.46823859476518,14.70806,24644.655594660388,9.381307,0.0990464337884569,0.016857328,-1.4996040804579902,0.4102208019724166,,
kic-009117890,2082200767884074496,23.76086,0.75594,3.10039,0.06302,2.0,2.0,,,3752.0,117.0,-2.54,0.26,300.4506623636253,45.46166802968802,15.924515,8037.867424629015,3.498538,0.1045301443071976,0.02948363,-0.14191400712874014,0.6368272054486355,,
